date,close
05/18/2009,5.5386
05/19/2009,5.6614
05/20/2009,5.75
05/21/2009,5.5871
05/22/2009,5.5429
05/26/2009,5.7271
05/27/2009,5.5614
05/28/2009,5.5057
05/29/2009,5.6314
06/01/2009,5.8486
06/02/2009,5.8814
06/03/2009,5.7857
06/04/2009,5.8157
06/05/2009,5.5986
06/08/2009,5.5443
06/09/2009,5.5729
06/10/2009,5.4086
06/11/2009,5.3914
06/12/2009,5.4057
06/15/2009,5.4514
06/16/2009,5.4043
06/17/2009,5.7714
06/18/2009,5.9014
06/19/2009,5.9414
06/22/2009,5.7929
06/23/2009,5.6529
06/24/2009,5.6557
06/25/2009,5.8729
06/26/2009,5.7671
06/29/2009,5.8857
06/30/2009,5.9057
07/01/2009,5.8029
07/02/2009,5.7029
07/06/2009,5.6829
07/07/2009,5.5429
07/08/2009,5.5286
07/09/2009,5.7071
07/10/2009,5.7243
07/13/2009,6.0271
07/14/2009,6.1857
07/15/2009,6.3443
07/16/2009,6.3043
07/17/2009,6.3057
07/20/2009,6.4029
07/21/2009,6.3971
07/22/2009,6.4686
07/23/2009,6.6371
07/24/2009,6.0286
07/27/2009,5.9571
07/28/2009,6.0486
07/29/2009,6.1
07/30/2009,6.23
07/31/2009,6.2771
08/03/2009,6.4243
08/04/2009,6.3114
08/05/2009,6.33
08/06/2009,6.2143
08/07/2009,6.4286
08/10/2009,6.5429
08/11/2009,6.5843
08/12/2009,6.6114
08/13/2009,6.6114
08/14/2009,6.3557
08/17/2009,6.1586
08/18/2009,6.2214
08/19/2009,6.41
08/20/2009,6.4257
08/21/2009,6.4429
08/24/2009,6.3314
08/25/2009,6.3514
08/26/2009,6.2814
08/27/2009,6.25
08/28/2009,6.3171
08/31/2009,6.2329
09/01/2009,6.0214
09/02/2009,5.9686
09/03/2009,5.7557
09/04/2009,5.85
09/08/2009,5.9257
09/09/2009,6.1757
09/10/2009,6.2143
09/11/2009,6.0943
09/14/2009,6.1829
09/15/2009,6.4243
09/16/2009,6.6857
09/17/2009,6.6343
09/18/2009,6.7714
09/21/2009,6.7857
09/22/2009,6.8186
09/23/2009,6.6929
09/24/2009,6.66
09/25/2009,6.6086
09/28/2009,6.5671
09/29/2009,6.6086
09/30/2009,6.5957
10/01/2009,6.3743
10/02/2009,6.3886
10/05/2009,6.4886
10/06/2009,6.5957
10/07/2009,6.6071
10/08/2009,6.5771
10/09/2009,6.7014
10/12/2009,6.58
10/13/2009,6.6414
10/14/2009,6.8671
10/15/2009,7.1929
10/16/2009,6.9986
10/19/2009,7.1143
10/20/2009,6.9943
10/21/2009,6.8357
10/22/2009,7.09
10/23/2009,7.8414
10/26/2009,7.8814
10/27/2009,7.7486
10/28/2009,7.6486
10/29/2009,7.9029
10/30/2009,7.6357
11/02/2009,7.6857
11/03/2009,7.6786
11/04/2009,7.7371
11/05/2009,8.0557
11/06/2009,7.98
11/09/2009,8.1714
11/10/2009,8.3429
11/11/2009,8.4914
11/12/2009,8.3129
11/13/2009,8.4757
11/16/2009,8.4943
11/17/2009,8.6786
11/18/2009,8.7329
11/19/2009,8.6086
11/20/2009,8.5671
11/23/2009,8.6257
11/24/2009,8.5243
11/25/2009,8.46
11/27/2009,8.2643
11/30/2009,8.3757
12/01/2009,8.3186
12/02/2009,8.4286
12/03/2009,8.2843
12/04/2009,8.0329
12/07/2009,7.9871
12/08/2009,7.9886
12/09/2009,7.9943
12/10/2009,8.1057
12/11/2009,7.9571
12/14/2009,8.0586
12/15/2009,8.1314
12/16/2009,7.8686
12/17/2009,7.6757
12/18/2009,7.61
12/21/2009,7.7086
12/22/2009,7.6586
12/23/2009,8.1214
12/24/2009,8.1271
12/28/2009,8.1914
12/29/2009,8.14
12/30/2009,7.9474
12/31/2009,7.87
01/04/2010,7.64
01/05/2010,7.3586
01/06/2010,7.6171
01/07/2010,7.4857
01/08/2010,7.6143
01/11/2010,7.6043
01/12/2010,7.4814
01/13/2010,7.7086
01/14/2010,7.2843
01/15/2010,7.2786
01/19/2010,7.3143
01/20/2010,7.32
01/21/2010,7.3129
01/22/2010,7.27
01/25/2010,7.0186
01/26/2010,7.1357
01/27/2010,7.2814
01/28/2010,9.0057
01/29/2010,8.8929
02/01/2010,8.7186
02/02/2010,8.8357
02/03/2010,8.85
02/04/2010,8.62
02/05/2010,8.6914
02/08/2010,8.7
02/09/2010,8.8757
02/10/2010,8.7843
02/11/2010,9.0514
02/12/2010,9.0257
02/16/2010,9.2657
02/17/2010,9.2157
02/18/2010,9.4429
02/19/2010,9.5214
02/22/2010,9.3243
02/23/2010,9.1929
02/24/2010,9.2414
02/25/2010,9.3729
02/26/2010,9.4357
03/01/2010,9.9571
03/02/2010,9.8543
03/03/2010,9.65
03/04/2010,9.7157
03/05/2010,9.6643
03/08/2010,9.8114
03/09/2010,9.9914
03/10/2010,10.1829
03/11/2010,10.17
03/12/2010,9.9971
03/15/2010,9.9429
03/16/2010,10.09
03/17/2010,10.1314
03/18/2010,10.0771
03/19/2010,10.0643
03/22/2010,10.4129
03/23/2010,10.4229
03/24/2010,10.3386
03/25/2010,10.5057
03/26/2010,10.6143
03/29/2010,10.5571
03/30/2010,10.7229
03/31/2010,10.5343
04/01/2010,10.7143
04/05/2010,11.4271
04/06/2010,11.91
04/07/2010,11.39
04/08/2010,11.69
04/09/2010,11.7743
04/12/2010,11.8829
04/13/2010,12.34
04/14/2010,12.51
04/15/2010,12.4043
04/16/2010,12.1871
04/19/2010,12.1143
04/20/2010,12.4386
04/21/2010,12.4257
04/22/2010,14.3214
04/23/2010,14.2471
04/26/2010,15.4529
04/27/2010,14.5814
04/28/2010,14.1986
04/29/2010,14.7386
04/30/2010,14.1286
05/03/2010,14.57
05/04/2010,14.1943
05/05/2010,14.0329
05/06/2010,13.8529
05/07/2010,13.0129
05/10/2010,13.9293
05/11/2010,14.26
05/12/2010,15.4043
05/13/2010,15.7157
05/14/2010,14.3657
05/17/2010,15.1929
05/18/2010,14.5729
05/19/2010,14.3729
05/20/2010,13.57
05/21/2010,14.21
05/24/2010,14.5171
05/25/2010,15
05/26/2010,14.9714
05/27/2010,15.5514
05/28/2010,15.8786
06/01/2010,15.3271
06/02/2010,15.8257
06/03/2010,15.9786
06/04/2010,15.6829
06/07/2010,15.5943
06/08/2010,15.7614
06/09/2010,16.49
06/10/2010,16.9514
06/11/2010,17.2414
06/14/2010,18.1157
06/15/2010,17.6429
06/16/2010,17.81
06/17/2010,17.98
06/18/2010,18.06
06/21/2010,16.9986
06/22/2010,16.6329
06/23/2010,16.8243
06/24/2010,16.4643
06/25/2010,16.8543
06/28/2010,16.8014
06/29/2010,16.0829
06/30/2010,15.5214
07/01/2010,15.6657
07/02/2010,15.2971
07/06/2010,15.3243
07/07/2010,16.9271
07/08/2010,16.7114
07/09/2010,16.7906
07/12/2010,17.0543
07/13/2010,17.2743
07/14/2010,17.5714
07/15/2010,17.3014
07/16/2010,16.9129
07/19/2010,16.9857
07/20/2010,17.1986
07/21/2010,17.0929
07/22/2010,14.7943
07/23/2010,15.3857
07/26/2010,14.6843
07/27/2010,14.87
07/28/2010,14.33
07/29/2010,14.0029
07/30/2010,14.65
08/02/2010,14.5543
08/03/2010,14.9157
08/04/2010,15.4471
08/05/2010,15.79
08/06/2010,16.9029
08/09/2010,16.7
08/10/2010,17.8586
08/11/2010,18.0671
08/12/2010,19.0071
08/13/2010,18.8943
08/16/2010,19.6029
08/17/2010,18.9957
08/18/2010,17.9571
08/19/2010,18.32
08/20/2010,18.5657
08/23/2010,18.1286
08/24/2010,17.3257
08/25/2010,17.75
08/26/2010,17.9771
08/27/2010,18.0143
08/30/2010,17.5857
08/31/2010,17.9314
09/01/2010,19.2736
09/02/2010,19.7143
09/03/2010,19.7829
09/07/2010,20.2557
09/08/2010,20.8571
09/09/2010,20.8114
09/10/2010,20.88
09/13/2010,21.1343
09/14/2010,20.95
09/15/2010,20.4457
09/16/2010,20.0714
09/17/2010,20.0657
09/20/2010,20.4128
09/21/2010,21.0286
09/22/2010,22.4186
09/23/2010,22.9243
09/24/2010,23.1729
09/27/2010,23.57
09/28/2010,23.1229
09/29/2010,24.3757
09/30/2010,23.1657
10/01/2010,22.0943
10/04/2010,22.3414
10/05/2010,22.3089
10/06/2010,21.4671
10/07/2010,21.6329
10/08/2010,21.3771
10/11/2010,21.9557
10/12/2010,22.1986
10/13/2010,22.0871
10/14/2010,21.8257
10/15/2010,22.2457
10/18/2010,21.8571
10/19/2010,21.3329
10/20/2010,21.8786
10/21/2010,24.67
10/22/2010,24.0143
10/25/2010,23.8343
10/26/2010,25.3743
10/27/2010,25.5
10/28/2010,25.1
10/29/2010,24.7957
11/01/2010,23.91
11/02/2010,24.5157
11/03/2010,24.4943
11/04/2010,23.9743
11/05/2010,24.0143
11/08/2010,24.1614
11/09/2010,24.3514
11/10/2010,25.2671
11/11/2010,25.02
11/12/2010,24.7143
11/15/2010,24.0428
11/16/2010,23.6286
11/17/2010,23.8114
11/18/2010,24.0471
11/19/2010,24.72
11/22/2010,26.9028
11/23/2010,26.8157
11/24/2010,26.9671
11/26/2010,27.4143
11/29/2010,28.4171
11/30/2010,29.4143
12/01/2010,28.5914
12/02/2010,27.6314
12/03/2010,26.4928
12/06/2010,27.6386
12/07/2010,27.1157
12/08/2010,26.89
12/09/2010,27.2928
12/10/2010,27.8043
12/13/2010,26.2571
12/14/2010,25.4928
12/15/2010,25.5
12/16/2010,25.95
12/17/2010,25.7171
12/20/2010,25.4357
12/21/2010,26.6057
12/22/2010,26.4786
12/23/2010,26.3686
12/27/2010,25.7157
12/28/2010,26.2386
12/29/2010,25.7528
12/30/2010,25.6857
12/31/2010,25.1
01/03/2011,25.4871
01/04/2011,25.91
01/05/2011,25.6757
01/06/2011,25.4271
01/07/2011,25.6143
01/10/2011,26.84
01/11/2011,26.6643
01/12/2011,26.9857
01/13/2011,27.3557
01/14/2011,27.3543
01/18/2011,27.6686
01/19/2011,27.2671
01/20/2011,26.4286
01/21/2011,26.0128
01/24/2011,26.28
01/25/2011,26.6771
01/26/2011,26.1471
01/27/2011,30.1243
01/28/2011,31.14
01/31/2011,30.5828
02/01/2011,30.4143
02/02/2011,30.18
02/03/2011,30.2128
02/04/2011,31.4386
02/07/2011,31.1457
02/08/2011,31.0893
02/09/2011,31.7557
02/10/2011,31.8857
02/11/2011,33.01
02/14/2011,35.3643
02/15/2011,34.3986
02/16/2011,33.9603
02/17/2011,33.6614
02/18/2011,33.6443
02/22/2011,31.6571
02/23/2011,30.1714
02/24/2011,30.74
02/25/2011,30.3486
02/28/2011,29.5243
03/01/2011,29.2328
03/02/2011,29.1757
03/03/2011,29.0528
03/04/2011,30.1028
03/07/2011,29.6286
03/08/2011,27.9214
03/09/2011,27.57
03/10/2011,28.5743
03/11/2011,29.2201
03/14/2011,28.7428
03/15/2011,31.0157
03/16/2011,30.5486
03/17/2011,30.5571
03/18/2011,29.9143
03/21/2011,30.4057
03/22/2011,31.6271
03/23/2011,32.7228
03/24/2011,32.7328
03/25/2011,32.8586
03/28/2011,33.9028
03/29/2011,33.9114
03/30/2011,33.9928
03/31/2011,33.9686
04/01/2011,34.5843
04/04/2011,34.96
04/05/2011,34.89
04/06/2011,34.2814
04/07/2011,33.4228
04/08/2011,33.5514
04/11/2011,32.5943
04/12/2011,33.4171
04/13/2011,34.1071
04/14/2011,33.8186
04/15/2011,33.6414
04/18/2011,33.3328
04/19/2011,34.5071
04/20/2011,34.9186
04/21/2011,36.0314
04/25/2011,35.9528
04/26/2011,32.7014
04/27/2011,33.7086
04/28/2011,33.4814
04/29/2011,33.2386
05/02/2011,33.8846
05/03/2011,33.0343
05/04/2011,32.7414
05/05/2011,32.9014
05/06/2011,32.7814
05/09/2011,33.7728
05/10/2011,33.9471
05/11/2011,34.3814
05/12/2011,35.11
05/13/2011,35.2171
05/16/2011,33.87
05/17/2011,33.8486
05/18/2011,34.6486
05/19/2011,34.6757
05/20/2011,35.1286
05/23/2011,35.4043
05/24/2011,35.3714
05/25/2011,37.0671
05/26/2011,37.6786
05/27/2011,37.7871
05/31/2011,38.6857
06/01/2011,38.18
06/02/2011,38.8143
06/03/2011,39.1003
06/06/2011,37.5128
06/07/2011,37.67
06/08/2011,37.4657
06/09/2011,37.51
06/10/2011,36.946
06/13/2011,36.7457
06/14/2011,37.304
06/15/2011,36.7314
06/16/2011,35.6143
06/17/2011,35.0957
06/20/2011,35.09
06/21/2011,36.2357
06/22/2011,35.5228
06/23/2011,36.5314
06/24/2011,36.7086
06/27/2011,37.16
06/28/2011,37.87
06/29/2011,37.8486
06/30/2011,37.5271
07/01/2011,38.2843
07/05/2011,41.3757
07/06/2011,41.5657
07/07/2011,41.7743
07/08/2011,42.1628
07/11/2011,41.5343
07/12/2011,41.61
07/13/2011,42.6757
07/14/2011,40.9457
07/15/2011,40.99
07/18/2011,39.8571
07/19/2011,41.0414
07/20/2011,40.2
07/21/2011,39.4014
07/22/2011,39.5114
07/25/2011,40.2186
07/26/2011,38.13
07/27/2011,38.4886
07/28/2011,38.0886
07/29/2011,37.9986
08/01/2011,37.6257
08/02/2011,36.7428
08/03/2011,37.1428
08/04/2011,35.11
08/05/2011,34.4443
08/08/2011,32.3771
08/09/2011,33.9714
08/10/2011,33.2028
08/11/2011,34.7328
08/12/2011,34.8571
08/15/2011,35.1828
08/16/2011,34.1486
08/17/2011,33.1771
08/18/2011,31.0686
08/19/2011,29.3157
08/22/2011,29.3157
08/23/2011,31.3628
08/24/2011,30.8614
08/25/2011,30.8328
08/26/2011,31.6986
08/29/2011,32.1478
08/30/2011,33.7543
08/31/2011,33.5728
09/01/2011,33.3243
09/02/2011,30.4443
09/06/2011,31.2528
09/07/2011,30.8571
09/08/2011,30.1714
09/09/2011,29.1386
09/12/2011,30.0071
09/13/2011,29.8214
09/14/2011,29.8157
09/15/2011,24.1786
09/16/2011,22.17
09/19/2011,20.5357
09/20/2011,18.5757
09/21/2011,18.3571
09/22/2011,18.3614
09/23/2011,18.48
09/26/2011,18.8886
09/27/2011,18.2129
09/28/2011,18.1629
09/29/2011,16.17
09/30/2011,16.1814
10/03/2011,16.1786
10/04/2011,16.4143
10/05/2011,17.1086
10/06/2011,17.6057
10/07/2011,16.7443
10/10/2011,15.9457
10/11/2011,15.5229
10/12/2011,16.2314
10/13/2011,16.7157
10/14/2011,16.5771
10/17/2011,16.7614
10/18/2011,15.9629
10/19/2011,15.6314
10/20/2011,15.9257
10/21/2011,16.72
10/24/2011,16.9771
10/25/2011,11.0529
10/26/2011,11.3429
10/27/2011,11.5514
10/28/2011,12.02
10/31/2011,11.7257
11/01/2011,11.4414
11/02/2011,11.9129
11/03/2011,13.1843
11/04/2011,12.86
11/07/2011,12.9757
11/08/2011,12.9243
11/09/2011,12.5786
11/10/2011,12.16
11/11/2011,12.5357
11/14/2011,12.2457
11/15/2011,12.3257
11/16/2011,11.5971
11/17/2011,10.9229
11/18/2011,11.1514
11/21/2011,10.6386
11/22/2011,10.0643
11/23/2011,9.7857
11/25/2011,9.1226
11/28/2011,9.9929
11/29/2011,9.6529
11/30/2011,9.2186
12/01/2011,9.5957
12/02/2011,9.4814
12/05/2011,10.0171
12/06/2011,9.7343
12/07/2011,10.28
12/08/2011,9.9171
12/09/2011,10.1271
12/12/2011,10.7514
12/13/2011,10.3014
12/14/2011,10.1486
12/15/2011,9.96
12/16/2011,9.9743
12/19/2011,9.5929
12/20/2011,10.2
12/21/2011,10.1386
12/22/2011,10.5486
12/23/2011,10.3743
12/27/2011,10.0851
12/28/2011,9.8857
12/29/2011,9.9
12/30/2011,9.8986
01/03/2012,10.32
01/04/2012,11.4929
01/05/2012,11.3286
01/06/2012,12.3271
01/09/2012,14.0257
01/10/2012,13.69
01/11/2012,13.1643
01/12/2012,13.1643
01/13/2012,13.4829
01/17/2012,13.5314
01/18/2012,14.0771
01/19/2012,14.78
01/20/2012,14.32
01/23/2012,13.4229
01/24/2012,13.2386
01/25/2012,13.5771
01/26/2012,16.5729
01/27/2012,17.6843
01/30/2012,17.9186
01/31/2012,17.1714
02/01/2012,17.5671
02/02/2012,17.7143
02/03/2012,18.0614
02/06/2012,18.4643
02/07/2012,18.2686
02/08/2012,17.7143
02/09/2012,17.8343
02/10/2012,17.7043
02/13/2012,16.9
02/14/2012,17.5814
02/15/2012,17.4371
02/16/2012,17.4157
02/17/2012,17.4071
02/21/2012,16.7714
02/22/2012,16.0571
02/23/2012,16.1414
02/24/2012,15.9529
02/27/2012,15.63
02/28/2012,16.1886
02/29/2012,15.8186
03/01/2012,16.1071
03/02/2012,16.4429
03/05/2012,15.83
03/06/2012,15.3043
03/07/2012,15.0271
03/08/2012,15.4386
03/09/2012,15.59
03/12/2012,15.1714
03/13/2012,15.1929
03/14/2012,15.0357
03/15/2012,15.7386
03/16/2012,15.7086
03/19/2012,16.3329
03/20/2012,16.4314
03/21/2012,17.1571
03/22/2012,16.9614
03/23/2012,17.17
03/26/2012,17.4271
03/27/2012,17.2386
03/28/2012,16.9721
03/29/2012,16.4357
03/30/2012,16.4343
04/02/2012,16.2814
04/03/2012,16.1371
04/04/2012,15.7514
04/05/2012,15.7857
04/09/2012,15.24
04/10/2012,14.56
04/11/2012,14.2586
04/12/2012,14.8943
04/13/2012,14.8814
04/16/2012,14.45
04/17/2012,15.2886
04/18/2012,15.28
04/19/2012,15.2986
04/20/2012,15.1586
04/23/2012,14.5486
04/24/2012,12.5257
04/25/2012,12.3357
04/26/2012,12.1529
04/27/2012,11.9629
04/30/2012,11.4486
05/01/2012,11.6229
05/02/2012,11.7471
05/03/2012,10.8529
05/04/2012,10.4493
05/07/2012,10.4929
05/08/2012,10.3986
05/09/2012,10.6214
05/10/2012,10.3457
05/11/2012,11.0543
05/14/2012,10.9943
05/15/2012,11.0686
05/16/2012,10.6
05/17/2012,10.2814
05/18/2012,9.9943
05/21/2012,10.2486
05/22/2012,9.6729
05/23/2012,10.2729
05/24/2012,10.0386
05/25/2012,10.0314
05/29/2012,9.92
05/30/2012,9.62
05/31/2012,9.0629
06/01/2012,8.9929
06/04/2012,9.2857
06/05/2012,9.2614
06/06/2012,9.4114
06/07/2012,9.2343
06/08/2012,9.3771
06/11/2012,9
06/12/2012,9.0029
06/13/2012,8.9757
06/14/2012,8.9514
06/15/2012,9.3986
06/18/2012,9.5329
06/19/2012,9.9757
06/20/2012,9.737
06/21/2012,9.4057
06/22/2012,9.6943
06/25/2012,9.5757
06/26/2012,9.5429
06/27/2012,9.4986
06/28/2012,9.6229
06/29/2012,9.7836
07/02/2012,9.6929
07/03/2012,10.2914
07/05/2012,11.6743
07/06/2012,11.6986
07/09/2012,11.8557
07/10/2012,11.4614
07/11/2012,11.6629
07/12/2012,12.1386
07/13/2012,12.1286
07/16/2012,11.8543
07/17/2012,11.6829
07/18/2012,11.61
07/19/2012,11.8743
07/20/2012,11.6886
07/23/2012,11.42
07/24/2012,11.4843
07/25/2012,8.6114
07/26/2012,8.1443
07/27/2012,8.4171
07/30/2012,8.25
07/31/2012,8.1214
08/01/2012,7.7857
08/02/2012,7.6957
08/03/2012,7.7014
08/06/2012,8.1129
08/07/2012,8.2714
08/08/2012,8.2571
08/09/2012,8.2729
08/10/2012,8.5571
08/13/2012,8.5586
08/14/2012,8.8229
08/15/2012,9.0371
08/16/2012,9.1871
08/17/2012,9.0986
08/20/2012,9.1771
08/21/2012,9.3714
08/22/2012,9.3429
08/23/2012,9.15
08/24/2012,9.0229
08/27/2012,8.9129
08/28/2012,8.9929
08/29/2012,9.0629
08/30/2012,8.64
08/31/2012,8.5314
09/04/2012,7.99
09/05/2012,7.8514
09/06/2012,8.0929
09/07/2012,8.0943
09/10/2012,7.9886
09/11/2012,8.1657
09/12/2012,8.1729
09/13/2012,8.2857
09/14/2012,8.6457
09/17/2012,8.1457
09/18/2012,8.0086
09/19/2012,8.1486
09/20/2012,8.3914
09/21/2012,8.2557
09/24/2012,8.0557
09/25/2012,7.6857
09/26/2012,7.8757
09/27/2012,7.9357
09/28/2012,7.7771
10/01/2012,8.0071
10/02/2012,8.0657
10/03/2012,8.94
10/04/2012,9.5243
10/05/2012,9.5086
10/08/2012,10.5029
10/09/2012,9.3612
10/10/2012,9.3571
10/11/2012,9.4257
10/12/2012,9.1905
10/15/2012,9.2514
10/16/2012,9.4357
10/17/2012,9.7886
10/18/2012,9.6229
10/19/2012,9.2829
10/22/2012,9.6971
10/23/2012,9.7457
10/24/2012,8.5882
10/25/2012,8.7871
10/26/2012,9.94
10/31/2012,11.3199
11/01/2012,11.0986
11/02/2012,10.9857
11/05/2012,11.1771
11/06/2012,10.91
11/07/2012,11.0971
11/08/2012,10.8529
11/09/2012,11.1286
11/12/2012,11.17
11/13/2012,11.3726
11/14/2012,11.3973
11/15/2012,11.6401
11/16/2012,11.5571
11/19/2012,11.623
11/20/2012,11.7714
11/21/2012,11.8571
11/23/2012,11.85
11/26/2012,11.7229
11/27/2012,11.8686
11/28/2012,11.7471
11/29/2012,11.6257
11/30/2012,11.6729
12/03/2012,10.8571
12/04/2012,12.3784
12/05/2012,11.91
12/06/2012,12.31
12/07/2012,12.2829
12/10/2012,12.1143
12/11/2012,12.2977
12/12/2012,12.9614
12/13/2012,13.2229
12/14/2012,13.3286
12/17/2012,13.5286
12/18/2012,13.663
12/19/2012,13.4255
12/20/2012,13.3571
12/21/2012,13.0486
12/24/2012,12.89
12/26/2012,12.95
12/27/2012,12.9286
12/28/2012,12.7614
12/31/2012,13.2271
01/02/2013,13.1443
01/03/2013,13.7986
01/04/2013,13.7114
01/07/2013,14.1715
01/08/2013,13.8795
01/09/2013,13.7014
01/10/2013,14
01/11/2013,14.47
01/14/2013,14.7779
01/15/2013,14.5271
01/16/2013,13.9257
01/17/2013,13.9571
01/18/2013,14.1671
01/22/2013,13.9729
01/23/2013,14.7514
01/24/2013,20.98
01/25/2013,24.2228
01/28/2013,23.1586
01/29/2013,24.16
01/30/2013,23.9571
01/31/2013,23.6057
02/01/2013,23.5429
02/04/2013,24.9628
02/05/2013,24.9124
02/06/2013,26.3443
02/07/2013,25.9946
02/08/2013,25.8528
02/11/2013,25.4128
02/12/2013,25.4214
02/13/2013,26.6098
02/14/2013,26.7714
02/15/2013,27.0731
02/19/2013,28.0643
02/20/2013,26.7314
02/21/2013,26.7357
02/22/2013,25.6943
02/25/2013,25.6171
02/26/2013,26.2986
02/27/2013,26.3314
02/28/2013,26.8686
03/01/2013,27.0528
03/04/2013,25.8871
03/05/2013,25.9614
03/06/2013,26.1343
03/07/2013,25.9371
03/08/2013,26.3857
03/11/2013,25.7786
03/12/2013,26.0157
03/13/2013,27.48
03/14/2013,26.91
03/15/2013,26.4071
03/18/2013,26.5128
03/19/2013,25.91
03/20/2013,26.15
03/21/2013,25.9986
03/22/2013,25.9
03/25/2013,25.8271
03/26/2013,27.23
03/27/2013,27.1771
03/28/2013,27.04
04/01/2013,26.0614
04/02/2013,25.2414
04/03/2013,24.2486
04/04/2013,23.8128
04/05/2013,23.5229
04/08/2013,23.2943
04/09/2013,24.1943
04/10/2013,23.7243
04/11/2013,24.7157
04/12/2013,24.7428
04/15/2013,25.2143
04/16/2013,25.1214
04/17/2013,24.1943
04/18/2013,23.4029
04/19/2013,23.3386
04/22/2013,24.91
04/23/2013,30.9986
04/24/2013,30.96
04/25/2013,30.5357
04/26/2013,30.7928
04/29/2013,30.7161
04/30/2013,30.8671
05/01/2013,30.4157
05/02/2013,30.6414
05/03/2013,30.4928
05/06/2013,30.0986
05/07/2013,29.4643
05/08/2013,29.8014
05/09/2013,30.9157
05/10/2013,31.0991
05/13/2013,32.7684
05/14/2013,33.4243
05/15/2013,34.7714
05/16/2013,33.8614
05/17/2013,34.1428
05/20/2013,34.2214
05/21/2013,33.87
05/22/2013,32.6514
05/23/2013,32.3114
05/24/2013,32.6771
05/28/2013,30.5986
05/29/2013,30.7628
05/30/2013,31.8086
05/31/2013,32.3214
06/03/2013,31.71
06/04/2013,32.1871
06/05/2013,31.9228
06/06/2013,31.1057
06/07/2013,31.46
06/10/2013,31.5614
06/11/2013,30.6371
06/12/2013,29.6628
06/13/2013,30.77
06/14/2013,30.57
06/17/2013,32.7471
06/18/2013,32.69
06/19/2013,33.1871
06/20/2013,31.9314
06/21/2013,30.9857
06/24/2013,30.8
06/25/2013,30.4143
06/26/2013,30.3
06/27/2013,30.71
06/28/2013,30.1557
07/01/2013,32.04
07/02/2013,31.6371
07/03/2013,31.5586
07/05/2013,32.1571
07/08/2013,33.3
07/09/2013,35.3403
07/10/2013,34.8314
07/11/2013,34.8814
07/12/2013,36.7516
07/15/2013,36.8543
07/16/2013,37.2114
07/17/2013,38.2743
07/18/2013,38.0586
07/19/2013,37.7966
07/22/2013,37.4228
07/23/2013,35.7514
07/24/2013,34.4714
07/25/2013,35.2486
07/26/2013,35.1871
07/29/2013,34.9943
07/30/2013,34.8228
07/31/2013,34.9263
08/01/2013,35.5886
08/02/2013,35.1686
08/05/2013,36.2628
08/06/2013,36.5571
08/07/2013,35.6014
08/08/2013,35.7714
08/09/2013,36.1071
08/12/2013,36.6571
08/13/2013,37.0271
08/14/2013,37.4014
08/15/2013,36.2014
08/16/2013,36.9814
08/19/2013,37.1114
08/20/2013,39.0414
08/21/2013,38.6243
08/22/2013,38.5357
08/23/2013,39.7657
08/26/2013,40.3886
08/27/2013,39.4343
08/28/2013,40.48
08/29/2013,41.1214
08/30/2013,40.5586
09/03/2013,41.2857
09/04/2013,41.7757
09/05/2013,42.1586
09/06/2013,41.6486
09/09/2013,42.0214
09/10/2013,44.7228
09/11/2013,44.0428
09/12/2013,43.058
09/13/2013,43.6643
09/16/2013,43.1657
09/17/2013,42.7928
09/18/2013,43.8457
09/19/2013,43.6426
09/20/2013,44.8328
09/23/2013,43.1486
09/24/2013,43.7843
09/25/2013,43.8771
09/26/2013,44.7871
09/27/2013,44.6286
09/30/2013,44.1728
10/01/2013,46.3743
10/02/2013,47.2471
10/03/2013,45.96
10/04/2013,46.7514
10/07/2013,45.4514
10/08/2013,43.1886
10/09/2013,41.2043
10/10/2013,43.4277
10/11/2013,42.9783
10/14/2013,46.3371
10/15/2013,45.9557
10/16/2013,46.1254
10/17/2013,47.1571
10/18/2013,47.6428
10/21/2013,50.7128
10/22/2013,46.0748
10/23/2013,47.1771
10/24/2013,47.3171
10/25/2013,46.8616
10/28/2013,44.8571
10/29/2013,46.7571
10/30/2013,45.4486
10/31/2013,46.0686
11/01/2013,47.0378
11/04/2013,48.2286
11/05/2013,48.7857
11/06/2013,47.9471
11/07/2013,46.6943
11/08/2013,47.8428
11/11/2013,48.2728
11/12/2013,47.6757
11/13/2013,47.8977
11/14/2013,48.9386
11/15/2013,49.9657
11/18/2013,48.8243
11/19/2013,48.1843
11/20/2013,48.5028
11/21/2013,49.7857
11/22/2013,49.6928
11/25/2013,50.0343
11/26/2013,50.7428
11/27/2013,51.7843
11/29/2013,52.2571
12/02/2013,51.9886
12/03/2013,51.8486
12/04/2013,50.8957
12/05/2013,51.1514
12/06/2013,50.6343
12/09/2013,50.81
12/10/2013,51.8714
12/11/2013,51.9971
12/12/2013,53.3328
12/13/2013,52.71
12/16/2013,52.33
12/17/2013,53.5528
12/18/2013,53.7486
12/19/2013,53.82
12/20/2013,53.6671
12/23/2013,54.3686
12/24/2013,54.0557
12/26/2013,53.8471
12/27/2013,52.5
12/30/2013,52.4271
12/31/2013,52.5957
01/02/2014,51.8314
01/03/2014,51.8714
01/06/2014,51.3671
01/07/2014,48.5
01/08/2014,48.7128
01/09/2014,48.15
01/10/2014,47.4486
01/13/2014,48.1157
01/14/2014,48.28
01/15/2014,47.1971
01/16/2014,47.3828
01/17/2014,47.1486
01/21/2014,46.9586
01/22/2014,47.6757
01/23/2014,55.5314
01/24/2014,55.1543
01/27/2014,54.4614
01/28/2014,58.11
01/29/2014,57.2028
01/30/2014,57.81
01/31/2014,58.4757
02/03/2014,57.7686
02/04/2014,57.9871
02/05/2014,57.7743
02/06/2014,58.2728
02/07/2014,61.4257
02/10/2014,61.4914
02/11/2014,61.9986
02/12/2014,61.2757
02/13/2014,62.3643
02/14/2014,62.2157
02/18/2014,62.4071
02/19/2014,61.1757
02/20/2014,62.1357
02/21/2014,61.7471
02/24/2014,63.8571
02/25/2014,64.7186
02/26/2014,64.1128
02/27/2014,64.6043
02/28/2014,63.6614
03/03/2014,63.6557
03/04/2014,64.9971
03/05/2014,64.7857
03/06/2014,64.3586
03/07/2014,64.0528
03/10/2014,62.85
03/11/2014,62.4971
03/12/2014,62.3686
03/13/2014,61.4371
03/14/2014,60.6414
03/17/2014,60.3886
03/18/2014,60.0357
03/19/2014,60.0128
03/20/2014,60.61
03/21/2014,57.9986
03/24/2014,54.1286
03/25/2014,52.9771
03/26/2014,53.1828
03/27/2014,52.0257
03/28/2014,51.2671
03/31/2014,50.29
04/01/2014,52.0986
04/02/2014,51.84
04/03/2014,50.67
04/04/2014,48.1871
04/07/2014,48.2857
04/08/2014,49.8414
04/09/2014,50.4328
04/10/2014,47.8186
04/11/2014,46.6728
04/14/2014,47.3686
04/15/2014,46.61
04/16/2014,47.3443
04/17/2014,49.3914
04/21/2014,49.7843
04/22/2014,53.2714
04/23/2014,50.5
04/24/2014,49.1528
04/25/2014,46.0114
04/28/2014,44.8871
04/29/2014,45.6957
04/30/2014,46.0057
05/01/2014,48.0741
05/02/2014,48.6643
05/05/2014,49.1971
05/06/2014,46.5986
05/07/2014,45.7914
05/08/2014,45.9514
05/09/2014,46.9357
05/12/2014,49.35
05/13/2014,49.5914
05/14/2014,50.2686
05/15/2014,49.17
05/16/2014,49.9828
05/19/2014,52.0714
05/20/2014,53.0957
05/21/2014,55.8
05/22/2014,55.9714
05/23/2014,57.4786
05/27/2014,56.9728
05/28/2014,57.32
05/29/2014,59.3143
05/30/2014,59.69
06/02/2014,60.2943
06/03/2014,59.6528
06/04/2014,60.4586
06/05/2014,61.1928
06/06/2014,61.4471
06/09/2014,60.4414
06/10/2014,61.1843
06/11/2014,61.4286
06/12/2014,60.35
06/13/2014,61.1014
06/16/2014,61.4657
06/17/2014,63.3786
06/18/2014,64.0971
06/19/2014,63.0557
06/20/2014,62.8828
06/23/2014,62.7886
06/24/2014,62.3371
06/25/2014,63.4586
06/26/2014,62.8014
06/27/2014,63.1543
06/30/2014,62.9428
07/01/2014,67.5857
07/02/2014,66.6771
07/03/2014,67.4786
07/07/2014,65.8028
07/08/2014,63.5786
07/09/2014,63.2857
07/10/2014,62.65
07/11/2014,62.8514
07/14/2014,64.6543
07/15/2014,64.1557
07/16/2014,63.4914
07/17/2014,62.7657
07/18/2014,63.4528
07/21/2014,64.5643
07/22/2014,61.5843
07/23/2014,61.1286
07/24/2014,60.7686
07/25/2014,60.2657
07/28/2014,60.6657
07/29/2014,60.6114
07/30/2014,62.0514
07/31/2014,60.3886
08/01/2014,60.7714
08/04/2014,60.3857
08/05/2014,60.4071
08/06/2014,61.4714
08/07/2014,64.2386
08/08/2014,63.6928
08/11/2014,64.5057
08/12/2014,63.7728
08/13/2014,64.5043
08/14/2014,64.41
08/15/2014,65.5843
08/18/2014,66.5714
08/19/2014,66.8786
08/20/2014,67.4557
08/21/2014,67.4357
08/22/2014,68.4557
08/25/2014,68.7043
08/26/2014,68.48
08/27/2014,67.8143
08/28/2014,67.8871
08/29/2014,68.2343
09/02/2014,68.0857
09/03/2014,68.1986
09/04/2014,67.5243
09/05/2014,67.9543
09/08/2014,68.4757
09/09/2014,68.43
09/10/2014,69.1986
09/11/2014,68.7943
09/12/2014,68.0786
09/15/2014,65.3928
09/16/2014,65.2728
09/17/2014,64.9328
09/18/2014,65.5728
09/19/2014,65.36
09/22/2014,63.2543
09/23/2014,63.4143
09/24/2014,64.3657
09/25/2014,63.3557
09/26/2014,64.1071
09/29/2014,64.2228
09/30/2014,64.4543
10/01/2014,62.6857
10/02/2014,64.2828
10/03/2014,65.6486
10/06/2014,66.2114
10/07/2014,65.1786
10/08/2014,66.6943
10/09/2014,65.9457
10/10/2014,64.5828
10/13/2014,62.6543
10/14/2014,64.16
10/15/2014,64.0843
10/16/2014,51.6714
10/17/2014,51.0128
10/20/2014,51.3171
10/21/2014,52.2843
10/22/2014,53.5214
10/23/2014,54.72
10/24/2014,55.0028
10/27/2014,54.2
10/28/2014,55.1743
10/29/2014,54.0143
10/30/2014,54.1443
10/31/2014,56.11
11/03/2014,55.4871
11/04/2014,54.6828
11/05/2014,54.34
11/06/2014,54.7571
11/07/2014,54.88
11/10/2014,55.3243
11/11/2014,54.65
11/12/2014,54.8371
11/13/2014,54.2014
11/14/2014,55.1486
11/17/2014,54.4486
11/18/2014,54.4328
11/19/2014,51.8714
11/20/2014,52.5914
11/21/2014,51.4686
11/24/2014,50.9243
11/25/2014,49.8557
11/26/2014,50.1657
11/28/2014,49.5128
12/01/2014,48.83
12/02/2014,50.33
12/03/2014,50.7314
12/04/2014,50.0857
12/05/2014,50.1314
12/08/2014,48.4971
12/09/2014,49.1114
12/10/2014,47.76
12/11/2014,47.8043
12/12/2014,47.7828
12/15/2014,46.72
12/16/2014,45.2057
12/17/2014,47.6643
12/18/2014,47.7743
12/19/2014,48.5886
12/22/2014,48.0971
12/23/2014,48.0614
12/24/2014,48.8714
12/26/2014,48.5786
12/29/2014,48.8471
12/30/2014,49.0328
12/31/2014,48.8014
01/02/2015,49.8486
01/05/2015,47.3114
01/06/2015,46.5014
01/07/2015,46.7428
01/08/2015,47.7793
01/09/2015,47.0414
01/12/2015,45.5471
01/13/2015,46.2557
01/14/2015,46.32
01/15/2015,46.2514
01/16/2015,48.1914
01/20/2015,49.8286
01/21/2015,58.4686
01/22/2015,61.2057
01/23/2015,62.4936
01/26/2015,63.7943
01/27/2015,64.8814
01/28/2015,63.2086
01/29/2015,63.4
01/30/2015,63.1143
02/02/2015,63.0093
02/03/2015,65.2743
02/04/2015,64.1014
02/05/2015,64.13
02/06/2015,63.48
02/09/2015,63.295
02/10/2015,64.85
02/11/2015,64.9843
02/12/2015,65.2471
02/13/2015,66.5857
02/17/2015,67.1371
02/18/2015,67.8657
02/19/2015,67.8
02/20/2015,68.3143
02/23/2015,67.4057
02/24/2015,67.84
02/25/2015,68.3328
02/26/2015,69.0043
02/27/2015,67.8443
03/02/2015,68.6071
03/03/2015,67.8157
03/04/2015,67.11
03/05/2015,66.8071
03/06/2015,64.8743
03/09/2015,63.6614
03/10/2015,62.1514
03/11/2015,62.8843
03/12/2015,64.0457
03/13/2015,62.6286
03/16/2015,60.2814
03/17/2015,59.7886
03/18/2015,60.4457
03/19/2015,60.7443
03/20/2015,61.185
03/23/2015,60.7143
03/24/2015,62.6114
03/25/2015,60.25
03/26/2015,59.7514
03/27/2015,59.2528
03/30/2015,60.3671
03/31/2015,59.5271
04/01/2015,59.0171
04/02/2015,59.1543
04/06/2015,60.33
04/07/2015,60.4943
04/08/2015,63.05
04/09/2015,62.7857
04/10/2015,64.9386
04/13/2015,67.8114
04/14/2015,68.3871
04/15/2015,67.9228
04/16/2015,80.2928
04/17/2015,81.65
04/20/2015,81.0557
04/21/2015,80.0628
04/22/2015,79.6685
04/23/2015,79.8657
04/24/2015,79.7707
04/27/2015,80.8685
04/28/2015,80.4371
04/29/2015,80.4071
04/30/2015,79.5
05/01/2015,79.5757
05/04/2015,79.2714
05/05/2015,80.7928
05/06/2015,80.0771
05/07/2015,80.7485
05/08/2015,82.0857
05/11/2015,84.2778
05/12/2015,83.3771
05/13/2015,82.8728
05/14/2015,83.8357
05/15/2015,87.6071
05/18/2015,88.2671
05/19/2015,88.0685
05/20/2015,88.79
05/21/2015,89.0028
05/22/2015,88.8385
05/26/2015,87.9928
05/27/2015,89.8571
05/28/2015,89.5071
05/29/2015,89.1514
06/01/2015,89.0028
06/02/2015,89.13
06/03/2015,88.8085
06/04/2015,89.3485
06/05/2015,90.46
06/08/2015,89.6043
06/09/2015,92.45
06/10/2015,95.8714
06/11/2015,95.0943
06/12/2015,94.4185
06/15/2015,93.4314
06/16/2015,95.2728
06/17/2015,94.2714
06/18/2015,94.7428
06/19/2015,93.8714
06/22/2015,96.4143
06/23/2015,97.3128
06/24/2015,96.9443
06/25/2015,94.8914
06/26/2015,93.0885
06/29/2015,92.2314
06/30/2015,93.8485
07/01/2015,93.6357
07/02/2015,94.0443
07/06/2015,94.5714
07/07/2015,94.0914
07/08/2015,93.5071
07/09/2015,95.7271
07/10/2015,97.2285
07/13/2015,101.0871
07/14/2015,100.3714
07/15/2015,98.13
07/16/2015,115.81
07/17/2015,114.77
07/20/2015,110.55
07/21/2015,112.51
07/22/2015,111.5
07/23/2015,110.1
07/24/2015,109.34
07/27/2015,106.43
07/28/2015,106.9
07/29/2015,107.08
07/30/2015,111.56
07/31/2015,114.31
08/03/2015,112.56
08/04/2015,121.15
08/05/2015,123.71
08/06/2015,126.45
08/07/2015,123.52
08/10/2015,123.03
08/11/2015,122.74
08/12/2015,120.51
08/13/2015,123.73
08/14/2015,123.39
08/17/2015,125.36
08/18/2015,124.05
08/19/2015,122.06
08/20/2015,112.49
08/21/2015,103.96
08/24/2015,96.88
08/25/2015,101.52
08/26/2015,110.13
08/27/2015,117.66
08/28/2015,117.63
08/31/2015,115.03
09/01/2015,105.79
09/02/2015,105.44
09/03/2015,101.06
09/04/2015,98.79
09/08/2015,94.95
09/09/2015,99.18
09/10/2015,99.48
09/11/2015,97.51
09/14/2015,95.69
09/15/2015,99.16
09/16/2015,104.08
09/17/2015,104.21
09/18/2015,102.62
09/21/2015,100.3
09/22/2015,98.47
09/23/2015,98.07
09/24/2015,103.76
09/25/2015,102.24
09/28/2015,99.47
09/29/2015,98.35
09/30/2015,103.26
10/01/2015,105.98
10/02/2015,106.11
10/05/2015,111.25
10/06/2015,108.33
10/07/2015,108.1
10/08/2015,114.93
10/09/2015,113.33
10/12/2015,113.45
10/13/2015,109.73
10/14/2015,110.23
10/15/2015,101.09
10/16/2015,98.99
10/19/2015,101.69
10/20/2015,98.99
10/21/2015,97.96
10/22/2015,97.32
10/23/2015,100.04
10/26/2015,103.04
10/27/2015,103.07
10/28/2015,105.8
10/29/2015,105.12
10/30/2015,108.38
11/02/2015,107.64
11/03/2015,109.74
11/04/2015,114.05
11/05/2015,113.5
11/06/2015,114.06
11/09/2015,109.86
11/10/2015,112.7
11/11/2015,112.86
11/12/2015,108.92
11/13/2015,103.65
11/16/2015,111.35
11/17/2015,117.1
11/18/2015,120.63
11/19/2015,120.22
11/20/2015,123.84
11/23/2015,125.03
11/24/2015,123.31
11/25/2015,124.16
11/27/2015,125.44
11/30/2015,123.33
12/01/2015,125.37
12/02/2015,128.93
12/03/2015,126.81
12/04/2015,130.93
12/07/2015,125.36
12/08/2015,126.98
12/09/2015,124.2
12/10/2015,122.91
12/11/2015,118.91
12/14/2015,120.67
12/15/2015,118.6
12/16/2015,122.64
12/17/2015,122.51
12/18/2015,118.02
12/21/2015,116.63
12/22/2015,116.24
12/23/2015,118.16
12/24/2015,117.33
12/28/2015,117.11
12/29/2015,119.12
12/30/2015,116.71
12/31/2015,114.38
01/04/2016,109.96
01/05/2016,107.66
01/06/2016,117.68
01/07/2016,114.56
01/08/2016,111.39
01/11/2016,114.97
01/12/2016,116.58
01/13/2016,106.56
01/14/2016,107.06
01/15/2016,104.04
01/19/2016,107.89
01/20/2016,107.74
01/21/2016,102.35
01/22/2016,100.72
01/25/2016,99.12
01/26/2016,97.83
01/27/2016,91.15
01/28/2016,94.41
01/29/2016,91.84
02/01/2016,94.09
02/02/2016,91.49
02/03/2016,90.74
02/04/2016,89.71
02/05/2016,82.79
02/08/2016,83.32
02/09/2016,86.13
02/10/2016,88.45
02/11/2016,86.35
02/12/2016,87.4
02/16/2016,89.05
02/17/2016,94.76
02/18/2016,90.49
02/19/2016,89.23
02/22/2016,91.93
02/23/2016,89.12
02/24/2016,91.61
02/25/2016,94.53
02/26/2016,94.79
02/29/2016,93.41
03/01/2016,98.3
03/02/2016,97.61
03/03/2016,97.93
03/04/2016,101.58
03/07/2016,95.49
03/08/2016,96.23
03/09/2016,98
03/10/2016,97.36
03/11/2016,97.66
03/14/2016,98.13
03/15/2016,97.86
03/16/2016,99.35
03/17/2016,99.72
03/18/2016,101.12
03/21/2016,101.06
03/22/2016,99.84
03/23/2016,99.59
03/24/2016,98.36
03/28/2016,101.21
03/29/2016,104.13
03/30/2016,102.19
03/31/2016,102.23
04/01/2016,105.7
04/04/2016,104.35
04/05/2016,104.94
04/06/2016,104.83
04/07/2016,104.45
04/08/2016,103.81
04/11/2016,102.68
04/12/2016,106.98
04/13/2016,109.65
04/14/2016,110.42
04/15/2016,111.51
04/18/2016,108.4
04/19/2016,94.34
04/20/2016,96.77
04/21/2016,94.98
04/22/2016,95.9
04/25/2016,93.56
04/26/2016,92.43
04/27/2016,91.04
04/28/2016,90.28
04/29/2016,90.03
05/02/2016,93.11
05/03/2016,91.54
05/04/2016,90.79
05/05/2016,89.37
05/06/2016,90.84
05/09/2016,90.54
05/10/2016,92.89
05/11/2016,90.02
05/12/2016,87.74
05/13/2016,87.88
05/16/2016,89.12
05/17/2016,88.63
05/18/2016,90.5
05/19/2016,89.55
05/20/2016,92.49
05/23/2016,94.89
05/24/2016,97.89
05/25/2016,100.2
05/26/2016,102.81
05/27/2016,103.3
05/31/2016,102.57
06/01/2016,101.51
06/02/2016,101.25
06/03/2016,99.59
06/06/2016,100.74
06/07/2016,99.89
06/08/2016,97.86
06/09/2016,97.09
06/10/2016,93.75
06/13/2016,93.85
06/14/2016,94.12
06/15/2016,94.29
06/16/2016,95.44
06/17/2016,94.45
06/20/2016,93.8
06/21/2016,90.99
06/22/2016,90.01
06/23/2016,91.66
06/24/2016,88.44
06/27/2016,85.33
06/28/2016,87.97
06/29/2016,91.06
06/30/2016,91.48
07/01/2016,96.67
07/05/2016,97.91
07/06/2016,94.6
07/07/2016,95.1
07/08/2016,97.06
07/11/2016,94.67
07/12/2016,95.97
07/13/2016,96.43
07/14/2016,98.02
07/15/2016,98.39
07/18/2016,98.81
07/19/2016,85.84
07/20/2016,87.91
07/21/2016,85.99
07/22/2016,85.89
07/25/2016,87.66
07/26/2016,91.41
07/27/2016,92.04
07/28/2016,91.65
07/29/2016,91.25
08/01/2016,94.37
08/02/2016,93.56
08/03/2016,93.1
08/04/2016,93.44
08/05/2016,97.03
08/08/2016,95.11
08/09/2016,93.99
08/10/2016,93.93
08/11/2016,95.89
08/12/2016,96.59
08/15/2016,95.31
08/16/2016,95.12
08/17/2016,96.37
08/18/2016,96.16
08/19/2016,95.87
08/22/2016,95.26
08/23/2016,95.94
08/24/2016,95.18
08/25/2016,97.32
08/26/2016,97.58
08/29/2016,97.3
08/30/2016,97.45
08/31/2016,97.45
09/01/2016,97.38
09/02/2016,97.38
09/06/2016,100.09
09/07/2016,99.15
09/08/2016,99.66
09/09/2016,96.5
09/12/2016,99.05
09/13/2016,96.09
09/14/2016,97.01
09/15/2016,97.34
09/16/2016,99.48
09/19/2016,98.06
09/20/2016,98.25
09/21/2016,94.88
09/22/2016,95.83
09/23/2016,95.94
09/26/2016,94.56
09/27/2016,97.07
09/28/2016,97.48
09/29/2016,96.67
09/30/2016,98.55
10/03/2016,102.63
10/04/2016,102.34
10/05/2016,106.28
10/06/2016,105.07
10/07/2016,104.82
10/10/2016,103.33
10/11/2016,100.59
10/12/2016,99.5
10/13/2016,100.23
10/14/2016,101.47
10/17/2016,99.8
10/18/2016,118.79
10/19/2016,121.87
10/20/2016,123.35
10/21/2016,127.5
10/24/2016,127.33
10/25/2016,126.51
10/26/2016,126.97
10/27/2016,126.47
10/28/2016,126.57
10/31/2016,124.87
11/01/2016,123.3
11/02/2016,122.34
11/03/2016,122.14
11/04/2016,122.03
11/07/2016,124.58
11/08/2016,124.34
11/09/2016,122.19
11/10/2016,115.42
11/11/2016,114.78
11/14/2016,113.38
11/15/2016,113.59
11/16/2016,115.19
11/17/2016,115.03
11/18/2016,115.21
11/21/2016,117.96
11/22/2016,118.04
11/23/2016,117.69
11/25/2016,117.41
11/28/2016,116.93
11/29/2016,117.51
11/30/2016,117
12/01/2016,117.22
12/02/2016,120.81
12/05/2016,119.16
12/06/2016,124.57
12/07/2016,125.39
12/08/2016,123.24
12/09/2016,122.88
12/12/2016,122.83
12/13/2016,123.78
12/14/2016,123.44
12/15/2016,125
12/16/2016,124.22
12/19/2016,125.45
12/20/2016,125.12
12/21/2016,126.5
12/22/2016,125.58
12/23/2016,125.59
12/27/2016,128.35
12/28/2016,125.89
12/29/2016,125.33
12/30/2016,123.8
01/03/2017,127.49
01/04/2017,129.41
01/05/2017,131.81
01/06/2017,131.07
01/09/2017,130.95
01/10/2017,129.89
01/11/2017,130.5
01/12/2017,129.18
01/13/2017,133.7
01/17/2017,132.89
01/18/2017,133.26
01/19/2017,138.41
01/20/2017,138.6
01/23/2017,137.39
01/24/2017,140.11
01/25/2017,139.52
01/26/2017,138.96
01/27/2017,142.45
01/30/2017,141.22
01/31/2017,140.71
02/01/2017,140.78
02/02/2017,139.2
02/03/2017,140.25
02/06/2017,140.97
02/07/2017,144
02/08/2017,144.74
02/09/2017,144.14
02/10/2017,144.82
02/13/2017,143.2
02/14/2017,140.82
02/15/2017,142.27
02/16/2017,142.01
02/17/2017,142.22
02/21/2017,142.6
02/22/2017,143.86
02/23/2017,142.78
02/24/2017,143.25
02/27/2017,143.41
02/28/2017,142.13
03/01/2017,142.65
03/02/2017,139.53
03/03/2017,139.14
03/06/2017,141.94
03/07/2017,141.43
03/08/2017,140.32
03/09/2017,140.53
03/10/2017,140.89
03/13/2017,143.52
03/14/2017,143.19
03/15/2017,145.25
03/16/2017,144.39
03/17/2017,145.11
03/20/2017,145.83
03/21/2017,142.42
03/22/2017,142.65
03/23/2017,141.84
03/24/2017,142.02
03/27/2017,144.06
03/28/2017,145.17
03/29/2017,146.47
03/30/2017,148.06
03/31/2017,147.81
04/03/2017,146.92
04/04/2017,145.5
04/05/2017,143.62
04/06/2017,143.74
04/07/2017,143.11
04/10/2017,143.85
04/11/2017,144.35
04/12/2017,143.83
04/13/2017,142.92
04/17/2017,147.25
04/18/2017,143.36
04/19/2017,139.76
04/20/2017,141.18
04/21/2017,142.87
04/24/2017,143.83
04/25/2017,152.16
04/26/2017,150.17
04/27/2017,153.08
04/28/2017,152.2
05/01/2017,155.35
05/02/2017,156.45
05/03/2017,155.59
05/04/2017,157.25
05/05/2017,156.6
05/08/2017,156.38
05/09/2017,157.46
05/10/2017,160.28
05/11/2017,158.54
05/12/2017,160.81
05/15/2017,160.02
05/16/2017,159.41
05/17/2017,153.2
05/18/2017,155.7
05/19/2017,157.02
05/22/2017,157.16
05/23/2017,157.95
05/24/2017,157.75
05/25/2017,163.05
05/26/2017,162.43
05/30/2017,163.22
05/31/2017,163.07
06/01/2017,162.99
06/02/2017,165.18
06/05/2017,165.06
06/06/2017,165.17
06/07/2017,165.61
06/08/2017,165.88
06/09/2017,158.03
06/12/2017,151.44
06/13/2017,152.72
06/14/2017,152.2
06/15/2017,151.76
06/16/2017,152.38
06/19/2017,153.4
06/20/2017,152.05
06/21/2017,155.03
06/22/2017,154.89
06/23/2017,158.02
06/26/2017,157.5
06/27/2017,151.03
06/28/2017,153.41
06/29/2017,150.09
06/30/2017,149.41
07/03/2017,146.17
07/05/2017,147.61
07/06/2017,146.25
07/07/2017,150.18
07/10/2017,152.67
07/11/2017,154.33
07/12/2017,158.75
07/13/2017,158.21
07/14/2017,161.12
07/17/2017,161.7
07/18/2017,183.6
07/19/2017,183.86
07/20/2017,183.6
07/21/2017,188.54
07/24/2017,187.91
07/25/2017,186.97
07/26/2017,189.08
07/27/2017,182.68
07/28/2017,184.04
07/31/2017,181.66
08/01/2017,182.03
08/02/2017,180.74
08/03/2017,179.23
08/04/2017,180.27
08/07/2017,181.33
08/08/2017,178.36
08/09/2017,175.78
08/10/2017,169.14
08/11/2017,171.4
08/14/2017,171
08/15/2017,168.5
08/16/2017,169.98
08/17/2017,166.09
08/18/2017,166.54
08/21/2017,166.76
08/22/2017,169.34
08/23/2017,169.06
08/24/2017,168.13
08/25/2017,165.95
08/28/2017,167.12
08/29/2017,168.81
08/30/2017,174.69
08/31/2017,174.71
09/01/2017,174.74
09/05/2017,174.52
09/06/2017,179.25
09/07/2017,179
09/08/2017,176.42
09/11/2017,181.74
09/12/2017,185.15
09/13/2017,183.64
09/14/2017,182.63
09/15/2017,182.35
09/18/2017,184.62
09/19/2017,185.68
09/20/2017,185.51
09/21/2017,188.78
09/22/2017,187.35
09/25/2017,178.55
09/26/2017,179.38
09/27/2017,181.97
09/28/2017,180.7
09/29/2017,181.35
10/02/2017,177.01
10/03/2017,179.19
10/04/2017,184.45
10/05/2017,194.39
10/06/2017,198.02
10/09/2017,196.87
10/10/2017,195.08
10/11/2017,194.95
10/12/2017,195.86
10/13/2017,199.49
10/16/2017,202.68
10/17/2017,199.48
10/18/2017,195.54
10/19/2017,195.13
10/20/2017,194.16
10/23/2017,192.47
10/24/2017,196.02
10/25/2017,193.77
10/26/2017,195.21
10/27/2017,199.54
10/30/2017,198.37
10/31/2017,196.43
11/01/2017,198
11/02/2017,199.32
11/03/2017,200.01
11/06/2017,200.13
11/07/2017,195.89
11/08/2017,196.44
11/09/2017,193.9
11/10/2017,192.02
11/13/2017,195.08
11/14/2017,195.71
11/15/2017,192.12
11/16/2017,195.51
11/17/2017,193.2
11/20/2017,194.1
11/21/2017,196.23
11/22/2017,196.32
11/24/2017,195.75
11/27/2017,195.05
11/28/2017,199.18
11/29/2017,188.15
11/30/2017,187.58
12/01/2017,186.82
12/04/2017,184.04
12/05/2017,184.21
12/06/2017,185.3
12/07/2017,185.2
12/08/2017,188.54
12/11/2017,186.22
12/12/2017,185.73
12/13/2017,187.86
12/14/2017,189.56
12/15/2017,190.12
12/18/2017,190.42
12/19/2017,187.02
12/20/2017,188.82
12/21/2017,188.62
12/22/2017,189.94
12/26/2017,187.76
12/27/2017,186.24
12/28/2017,192.71
12/29/2017,191.96
01/02/2018,201.07
01/03/2018,205.05
01/04/2018,205.63
01/05/2018,209.99
01/08/2018,212.05
01/09/2018,209.31
01/10/2018,212.52
01/11/2018,217.24
01/12/2018,221.23
01/16/2018,221.53
01/17/2018,217.5
01/18/2018,220.33
01/19/2018,220.46
01/22/2018,227.58
01/23/2018,250.29
01/24/2018,261.3
01/25/2018,269.7
01/26/2018,274.6
01/29/2018,284.59
01/30/2018,278.8
01/31/2018,270.3
02/01/2018,265.07
02/02/2018,267.43
02/05/2018,254.26
02/06/2018,265.72
02/07/2018,264.56
02/08/2018,250.1
02/09/2018,249.47
02/12/2018,257.95
02/13/2018,258.27
02/14/2018,266
02/15/2018,280.27
02/16/2018,278.52
02/20/2018,278.55
02/21/2018,281.04
02/22/2018,278.14
02/23/2018,285.93
02/26/2018,294.16
02/27/2018,290.61
02/28/2018,291.38
03/01/2018,290.39
03/02/2018,301.05
03/05/2018,315
03/06/2018,325.22
03/07/2018,321.16
03/08/2018,317
03/09/2018,331.44
03/12/2018,321.3
03/13/2018,315.88
03/14/2018,321.55
03/15/2018,321.09
03/16/2018,318.45
03/19/2018,313.48
03/20/2018,317.5
03/21/2018,316.48
03/22/2018,306.7
03/23/2018,300.94
03/26/2018,320.35
03/27/2018,300.69
03/28/2018,285.77
03/29/2018,295.35
04/02/2018,280.29
04/03/2018,283.67
04/04/2018,288.94
04/05/2018,293.97
04/06/2018,288.85
04/09/2018,289.93
04/10/2018,298.07
04/11/2018,303.67
04/12/2018,309.25
04/13/2018,311.65
04/16/2018,307.78
04/17/2018,336.06
04/18/2018,334.52
04/19/2018,332.7
04/20/2018,327.77
04/23/2018,318.69
04/24/2018,307.02
04/25/2018,305.76
04/26/2018,313.98
04/27/2018,311.76
04/30/2018,312.46
05/01/2018,313.3
05/02/2018,313.36
05/03/2018,311.69
05/04/2018,320.09
05/07/2018,326.26
05/08/2018,326.89
05/09/2018,330.3
05/10/2018,329.6
05/11/2018,326.46
05/14/2018,328.53
05/15/2018,326.13
05/16/2018,328.19
05/17/2018,325.22
05/18/2018,324.18
05/21/2018,331.82
05/22/2018,331.62
05/23/2018,344.72
05/24/2018,349.29
05/25/2018,351.29
05/29/2018,349.73
05/30/2018,353.54
05/31/2018,351.6
06/01/2018,359.93
06/04/2018,361.81
06/05/2018,365.8
06/06/2018,367.45
06/07/2018,361.4
06/08/2018,360.57
06/11/2018,361.45
06/12/2018,363.83
06/13/2018,379.93
06/14/2018,392.87
06/15/2018,391.98
06/18/2018,390.4
06/19/2018,404.98
06/20/2018,416.76
06/21/2018,415.44
06/22/2018,411.09
06/25/2018,384.48
06/26/2018,399.39
06/27/2018,390.39
06/28/2018,395.42
06/29/2018,391.43
07/02/2018,398.18
07/03/2018,390.52
07/05/2018,398.39
07/06/2018,408.25
07/09/2018,418.97
07/10/2018,415.63
07/11/2018,418.65
07/12/2018,413.5
07/13/2018,395.8
07/16/2018,400.48
07/17/2018,379.48
07/18/2018,375.13
07/19/2018,364.23
07/20/2018,361.05
07/23/2018,362.66
07/24/2018,357.32
07/25/2018,362.87
07/26/2018,363.09
07/27/2018,355.21
07/30/2018,334.96
07/31/2018,337.45
08/01/2018,338.38
08/02/2018,344.5
08/03/2018,343.09
08/06/2018,350.92
08/07/2018,351.83
08/08/2018,347.61
08/09/2018,349.36
08/10/2018,345.87
08/13/2018,341.31
08/14/2018,337.49
08/15/2018,326.4
08/16/2018,322.44
08/17/2018,316.78
08/20/2018,327.73
08/21/2018,338.02
08/22/2018,344.44
08/23/2018,339.17
08/24/2018,358.82
08/27/2018,364.58
08/28/2018,368.49
08/29/2018,368.04
08/30/2018,370.98
08/31/2018,367.68
09/04/2018,363.6
09/05/2018,341.18
09/06/2018,346.46
09/07/2018,348.68
09/10/2018,348.41
09/11/2018,355.93
09/12/2018,369.95
09/13/2018,368.15
09/14/2018,364.56
09/17/2018,350.35
09/18/2018,367.65
09/19/2018,366.96
09/20/2018,365.36
09/21/2018,361.19
09/24/2018,369.61
09/25/2018,369.43
09/26/2018,377.88
09/27/2018,380.71
09/28/2018,374.13
10/01/2018,381.43
10/02/2018,377.14
10/03/2018,377.05
10/04/2018,363.65
10/05/2018,351.35
10/08/2018,349.1
10/09/2018,355.71
10/10/2018,325.89
10/11/2018,321.1
10/12/2018,339.56
10/15/2018,333.13
10/16/2018,346.4
10/17/2018,364.7
10/18/2018,346.71
10/19/2018,332.67
10/22/2018,329.54
10/23/2018,333.16
10/24/2018,301.83
10/25/2018,312.87
10/26/2018,299.83
10/29/2018,284.84
10/30/2018,285.81
10/31/2018,301.78
11/01/2018,317.38
11/02/2018,309.1
11/05/2018,315.44
11/06/2018,310.84
11/07/2018,327.5
11/08/2018,317.92
11/09/2018,303.47
11/12/2018,294.07
11/13/2018,294.4
11/14/2018,286.73
11/15/2018,290.06
11/16/2018,286.21
11/19/2018,270.6
11/20/2018,266.98
11/21/2018,262.13
11/23/2018,258.82
11/26/2018,261.43
11/27/2018,266.63
11/28/2018,282.65
11/29/2018,288.75
11/30/2018,286.13
12/03/2018,290.3
12/04/2018,275.33
12/06/2018,282.88
12/07/2018,265.14
12/10/2018,269.7
12/11/2018,265.32
12/12/2018,274.88
12/13/2018,276.02
12/14/2018,266.84
12/17/2018,262.8
12/18/2018,270.94
12/19/2018,266.77
12/20/2018,260.58
12/21/2018,246.39
12/24/2018,233.88
12/26/2018,253.67
12/27/2018,255.565
12/28/2018,256.08
12/31/2018,267.66
01/02/2019,267.66
01/03/2019,271.2
01/04/2019,297.57
01/07/2019,315.34
01/08/2019,320.27
01/09/2019,319.96
01/10/2019,324.66
01/11/2019,337.59
01/14/2019,332.94
01/15/2019,354.64
01/16/2019,351.39
01/17/2019,353.19
01/18/2019,339.1
01/22/2019,325.16
01/23/2019,321.99
01/24/2019,326.67
01/25/2019,338.05
01/28/2019,335.66
01/29/2019,328.9
01/30/2019,340.66
01/31/2019,339.5
02/01/2019,339.85
02/04/2019,351.34
02/05/2019,355.81
02/06/2019,352.19
02/07/2019,344.71
02/08/2019,347.57
02/11/2019,345.73
02/12/2019,359.97
02/13/2019,351.77
02/14/2019,359.07
02/15/2019,356.87
02/19/2019,361.92
02/20/2019,359.91
02/21/2019,356.97
02/22/2019,363.02
02/25/2019,363.91
02/26/2019,364.97
02/27/2019,362.87
02/28/2019,358.1
03/01/2019,357.32
03/04/2019,351.04
03/05/2019,354.3
03/06/2019,359.61
03/07/2019,352.6
03/08/2019,349.6
03/11/2019,358.86
03/12/2019,356.27
03/13/2019,361.21
03/14/2019,358.82
03/15/2019,361.46
03/18/2019,363.44
03/19/2019,358.78
03/20/2019,375.22
03/21/2019,377.87
03/22/2019,361.01
03/25/2019,366.23
03/26/2019,359.97
03/27/2019,353.37
03/28/2019,354.61
03/29/2019,356.56
04/01/2019,366.96
04/02/2019,367.72
04/03/2019,369.75
04/04/2019,367.88
04/05/2019,365.49
04/08/2019,361.41
04/09/2019,364.71
04/10/2019,363.92
04/11/2019,367.65
04/12/2019,351.14
04/15/2019,348.87
04/16/2019,359.46
04/17/2019,354.74
04/18/2019,360.35
04/22/2019,377.34
04/23/2019,381.89
04/24/2019,374.23
04/25/2019,368.33
04/26/2019,374.85
04/29/2019,371.83
04/30/2019,370.54
05/01/2019,378.81
05/02/2019,379.06
05/03/2019,385.03
05/06/2019,378.67
05/07/2019,370.46
05/08/2019,364.37
05/09/2019,362.75
05/10/2019,361.04
05/13/2019,345.26
05/14/2019,345.61
05/15/2019,354.99
05/16/2019,359.31